{
    "loss": 1.1121870279312134,
    "accuracy": 0.8439095616340637
}